{
  "1": {
    "total_writes": 100,
    "successful_writes": 100,
    "failed_writes": 0,
    "avg_latency_ms": 169.4194459915161,
    "min_latency_ms": 6.157159805297852,
    "max_latency_ms": 599.9050140380859,
    "std_latency_ms": 130.4452388901294,
    "p50_latency_ms": 129.75406646728516,
    "p95_latency_ms": 410.3619456291199,
    "p99_latency_ms": 529.9101948738102,
    "value_conflicts": 0,
    "missing_keys_on_followers": 6,
    "data_integrity_ok": true
  },
  "2": {
    "total_writes": 100,
    "successful_writes": 100,
    "failed_writes": 0,
    "avg_latency_ms": 365.7909297943115,
    "min_latency_ms": 48.92778396606445,
    "max_latency_ms": 824.6688842773438,
    "std_latency_ms": 184.92559094660396,
    "p50_latency_ms": 350.7429361343384,
    "p95_latency_ms": 695.8763599395751,
    "p99_latency_ms": 794.9899196624757,
    "value_conflicts": 0,
    "missing_keys_on_followers": 0,
    "data_integrity_ok": true
  },
  "3": {
    "total_writes": 100,
    "successful_writes": 100,
    "failed_writes": 0,
    "avg_latency_ms": 534.5225667953491,
    "min_latency_ms": 27.829885482788086,
    "max_latency_ms": 919.7769165039062,
    "std_latency_ms": 198.8546825893765,
    "p50_latency_ms": 527.271032333374,
    "p95_latency_ms": 856.4117908477782,
    "p99_latency_ms": 910.5706310272217,
    "value_conflicts": 0,
    "missing_keys_on_followers": 0,
    "data_integrity_ok": true
  },
  "4": {
    "total_writes": 100,
    "successful_writes": 100,
    "failed_writes": 0,
    "avg_latency_ms": 668.9579367637634,
    "min_latency_ms": 257.4481964111328,
    "max_latency_ms": 975.1989841461182,
    "std_latency_ms": 180.86684368019596,
    "p50_latency_ms": 676.4020919799805,
    "p95_latency_ms": 931.7577719688416,
    "p99_latency_ms": 974.2893075942993,
    "value_conflicts": 0,
    "missing_keys_on_followers": 0,
    "data_integrity_ok": true
  },
  "5": {
    "total_writes": 100,
    "successful_writes": 100,
    "failed_writes": 0,
    "avg_latency_ms": 861.7348575592041,
    "min_latency_ms": 421.72908782958984,
    "max_latency_ms": 1067.978858947754,
    "std_latency_ms": 141.33664860366065,
    "p50_latency_ms": 906.9321155548096,
    "p95_latency_ms": 1009.7674131393433,
    "p99_latency_ms": 1029.9480533599856,
    "value_conflicts": 0,
    "missing_keys_on_followers": 0,
    "data_integrity_ok": true
  }
}