{
  "1": {
    "total_writes": 100,
    "successful_writes": 100,
    "failed_writes": 0,
    "avg_latency_ms": 209.54312324523926,
    "min_latency_ms": 10.851860046386719,
    "max_latency_ms": 707.4902057647705,
    "std_latency_ms": 161.27813810553124,
    "p50_latency_ms": 167.17290878295898,
    "p95_latency_ms": 559.6919417381287,
    "p99_latency_ms": 697.8803014755249,
    "value_conflicts": 34,
    "missing_keys_on_followers": 6,
    "data_integrity_ok": false
  },
  "2": {
    "total_writes": 100,
    "successful_writes": 100,
    "failed_writes": 0,
    "avg_latency_ms": 366.98638916015625,
    "min_latency_ms": 45.851945877075195,
    "max_latency_ms": 853.9812564849854,
    "std_latency_ms": 174.73369479676046,
    "p50_latency_ms": 353.9525270462036,
    "p95_latency_ms": 657.1235060691832,
    "p99_latency_ms": 834.964201450348,
    "value_conflicts": 28,
    "missing_keys_on_followers": 1,
    "data_integrity_ok": false
  },
  "3": {
    "total_writes": 100,
    "successful_writes": 100,
    "failed_writes": 0,
    "avg_latency_ms": 519.9752831459045,
    "min_latency_ms": 90.49296379089355,
    "max_latency_ms": 864.4847869873047,
    "std_latency_ms": 182.74537586564367,
    "p50_latency_ms": 546.3055372238159,
    "p95_latency_ms": 813.2178068161011,
    "p99_latency_ms": 856.2481307983398,
    "value_conflicts": 20,
    "missing_keys_on_followers": 0,
    "data_integrity_ok": false
  },
  "4": {
    "total_writes": 100,
    "successful_writes": 100,
    "failed_writes": 0,
    "avg_latency_ms": 657.9249334335327,
    "min_latency_ms": 244.98605728149414,
    "max_latency_ms": 970.6318378448486,
    "std_latency_ms": 167.49179634601208,
    "p50_latency_ms": 669.8545217514038,
    "p95_latency_ms": 905.4094076156616,
    "p99_latency_ms": 936.2029170989993,
    "value_conflicts": 10,
    "missing_keys_on_followers": 0,
    "data_integrity_ok": false
  },
  "5": {
    "total_writes": 100,
    "successful_writes": 100,
    "failed_writes": 0,
    "avg_latency_ms": 838.7150073051453,
    "min_latency_ms": 454.85782623291016,
    "max_latency_ms": 1015.718936920166,
    "std_latency_ms": 137.48504249415817,
    "p50_latency_ms": 877.164363861084,
    "p95_latency_ms": 998.3765125274658,
    "p99_latency_ms": 1007.9010057449341,
    "value_conflicts": 0,
    "missing_keys_on_followers": 0,
    "data_integrity_ok": true
  }
}